{"assets":[],"ddd":0,"fr":60,"h":640,"ip":0,"layers":[{"ddd":0,"ind":1,"ty":4,"nm":"Group 1","hd":false,"sr":1,"ks":{"a":{"a":0,"k":[0,0]},"o":{"a":0,"k":100},"p":{"a":0,"k":[320,320]},"r":{"a":0,"k":0},"s":{"a":0,"k":[100,100]},"sk":{"a":0,"k":0},"sa":{"a":0,"k":0}},"ao":0,"ip":0,"op":331,"st":0,"bm":0,"shapes":[{"ty":"gr","hd":false,"nm":"체크 Group","bm":0,"it":[{"ty":"sh","hd":false,"nm":"체크","d":1,"ks":{"a":0,"k":{"c":false,"i":[[0,0],[0,0],[0,0]],"o":[[0,0],[0,0],[0,0]],"v":[[385.904,290.701],[426.061,330.857],[500.302,256.616]]}}},{"ty":"st","hd":false,"bm":0,"c":{"a":0,"k":[0.09,0.18,0.333]},"lc":2,"lj":2,"ml":4,"o":{"a":0,"k":100},"w":{"a":0,"k":30}},{"ty":"tm","hd":false,"bm":0,"e":{"a":1,"k":[{"t":0,"s":[0],"i":{"x":0.75,"y":0.75},"o":{"x":0.25,"y":0.25}},{"t":105,"s":[0],"i":{"x":0.75,"y":0.75},"o":{"x":0.25,"y":0.25}},{"t":150,"s":[100],"i":{"x":0,"y":0},"o":{"x":1,"y":1}}]},"o":{"a":0,"k":0},"s":{"a":1,"k":[{"t":0,"s":[0],"i":{"x":0.75,"y":0.75},"o":{"x":0.25,"y":0.25}},{"t":105,"s":[0],"i":{"x":0.75,"y":0.75},"o":{"x":0.25,"y":0.25}},{"t":150,"s":[0],"i":{"x":0,"y":0},"o":{"x":1,"y":1}}]},"m":1},{"ty":"tr","nm":"Transform","a":{"a":0,"k":[0,0]},"o":{"a":0,"k":100},"p":{"a":0,"k":[-443.455,-318.896]},"r":{"a":0,"k":0},"s":{"a":0,"k":[100,100]},"sk":{"a":0,"k":0},"sa":{"a":0,"k":0}}],"np":0},{"ty":"gr","hd":false,"nm":"전구머리 Group","bm":0,"it":[{"ty":"sh","hd":false,"nm":"전구머리","d":1,"ks":{"a":0,"k":{"c":false,"i":[[0,0],[0,63.994],[98.164,0],[0,-98.164],[-50.744,-31.294]],"o":[[50.744,-31.294],[0,-98.164],[-98.164,0],[0,63.994],[0,0]],"v":[[536.602,445.084],[621.175,293.726],[443.444,115.995],[265.713,293.726],[350.286,445.084]]}}},{"ty":"st","hd":false,"bm":0,"c":{"a":0,"k":[0.09,0.18,0.333]},"lc":2,"lj":2,"ml":4,"o":{"a":0,"k":100},"w":{"a":0,"k":30}},{"ty":"tm","hd":false,"bm":0,"e":{"a":1,"k":[{"t":0,"s":[0],"i":{"x":0.75,"y":0.75},"o":{"x":0.25,"y":0.25}},{"t":45,"s":[0],"i":{"x":0.75,"y":0.75},"o":{"x":0.25,"y":0.25}},{"t":105,"s":[100],"i":{"x":0,"y":0},"o":{"x":1,"y":1}}]},"o":{"a":0,"k":0},"s":{"a":1,"k":[{"t":0,"s":[0],"i":{"x":0.75,"y":0.75},"o":{"x":0.25,"y":0.25}},{"t":45,"s":[0],"i":{"x":0.75,"y":0.75},"o":{"x":0.25,"y":0.25}},{"t":105,"s":[0],"i":{"x":0,"y":0},"o":{"x":1,"y":1}}]},"m":1},{"ty":"tr","nm":"Transform","a":{"a":0,"k":[0,0]},"o":{"a":0,"k":100},"p":{"a":0,"k":[-443.455,-318.896]},"r":{"a":0,"k":0},"s":{"a":0,"k":[100,100]},"sk":{"a":0,"k":0},"sa":{"a":0,"k":0}}],"np":0},{"ty":"gr","hd":false,"nm":"반짝 Group","bm":0,"it":[{"ty":"sh","hd":false,"nm":"반짝","d":1,"ks":{"a":0,"k":{"c":false,"i":[[0,0],[0,0]],"o":[[0,0],[0,0]],"v":[[209.835,293.726],[168.614,293.726]]}}},{"ty":"sh","hd":false,"nm":"반짝","d":1,"ks":{"a":0,"k":{"c":false,"i":[[0,0],[0,0]],"o":[[0,0],[0,0]],"v":[[278.26,458.931],[249.096,488.074]]}}},{"ty":"sh","hd":false,"nm":"반짝","d":1,"ks":{"a":0,"k":{"c":false,"i":[[0,0],[0,0]],"o":[[0,0],[0,0]],"v":[[608.628,458.931],[637.792,488.074]]}}},{"ty":"sh","hd":false,"nm":"반짝","d":1,"ks":{"a":0,"k":{"c":false,"i":[[0,0],[0,0]],"o":[[0,0],[0,0]],"v":[[677.053,293.726],[718.296,293.726]]}}},{"ty":"sh","hd":false,"nm":"반짝","d":1,"ks":{"a":0,"k":{"c":false,"i":[[0,0],[0,0]],"o":[[0,0],[0,0]],"v":[[608.628,128.543],[637.792,99.379]]}}},{"ty":"sh","hd":false,"nm":"반짝","d":1,"ks":{"a":0,"k":{"c":false,"i":[[0,0],[0,0]],"o":[[0,0],[0,0]],"v":[[443.444,60.117],[443.444,18.896]]}}},{"ty":"sh","hd":false,"nm":"반짝","d":1,"ks":{"a":0,"k":{"c":false,"i":[[0,0],[0,0]],"o":[[0,0],[0,0]],"v":[[278.26,128.543],[249.096,99.379]]}}},{"ty":"st","hd":false,"bm":0,"c":{"a":0,"k":[0.09,0.18,0.333]},"lc":2,"lj":2,"ml":4,"o":{"a":0,"k":100},"w":{"a":0,"k":30}},{"ty":"tm","hd":false,"bm":0,"e":{"a":1,"k":[{"t":0,"s":[0],"i":{"x":0.75,"y":0.75},"o":{"x":0.25,"y":0.25}},{"t":150,"s":[0],"i":{"x":0.75,"y":0.75},"o":{"x":0.25,"y":0.25}},{"t":192,"s":[100],"i":{"x":0,"y":0},"o":{"x":1,"y":1}}]},"o":{"a":0,"k":0},"s":{"a":1,"k":[{"t":0,"s":[0],"i":{"x":0.75,"y":0.75},"o":{"x":0.25,"y":0.25}},{"t":150,"s":[0],"i":{"x":0.75,"y":0.75},"o":{"x":0.25,"y":0.25}},{"t":192,"s":[0],"i":{"x":0,"y":0},"o":{"x":1,"y":1}}]},"m":1},{"ty":"tr","nm":"Transform","a":{"a":0,"k":[0,0]},"o":{"a":0,"k":100},"p":{"a":0,"k":[-443.455,-318.896]},"r":{"a":0,"k":0},"s":{"a":0,"k":[100,100]},"sk":{"a":0,"k":0},"sa":{"a":0,"k":0}}],"np":0},{"ty":"gr","hd":false,"nm":"몸통 Group","bm":0,"it":[{"ty":"sh","hd":false,"nm":"몸통","d":1,"ks":{"a":0,"k":{"c":true,"i":[[0,0],[0,0],[0.895,5.645],[0,0],[0,0],[0,0],[5.709,0]],"o":[[0,0],[-5.709,0],[0,0],[0,0],[0,0],[-0.895,5.645],[0,0]],"v":[[505.393,580.976],[381.516,580.976],[370.055,571.177],[350.243,445.084],[536.645,445.084],[516.833,571.177],[505.372,580.976]]}}},{"ty":"sh","hd":false,"nm":"몸통","d":1,"ks":{"a":0,"k":{"c":false,"i":[[0,0],[0,0]],"o":[[0,0],[0,0]],"v":[[358.274,487.52],[529.657,487.52]]}}},{"ty":"sh","hd":false,"nm":"몸통","d":1,"ks":{"a":0,"k":{"c":false,"i":[[0,0],[0,0]],"o":[[0,0],[0,0]],"v":[[365.944,536.815],[521.988,536.815]]}}},{"ty":"sh","hd":false,"nm":"몸통","d":1,"ks":{"a":0,"k":{"c":true,"i":[[0,0],[0,0],[10.481,0],[0,0],[0,10.481],[0,0]],"o":[[0,0],[0,10.46],[0,0],[-10.46,0],[0,0],[0,0]],"v":[[483.281,580.976],[483.281,599.936],[464.321,618.896],[422.567,618.896],[403.607,599.936],[403.607,580.976]]}}},{"ty":"st","hd":false,"bm":0,"c":{"a":0,"k":[0.09,0.18,0.333]},"lc":2,"lj":2,"ml":4,"o":{"a":0,"k":100},"w":{"a":0,"k":30}},{"ty":"tm","hd":false,"bm":0,"e":{"a":1,"k":[{"t":0,"s":[0],"i":{"x":0.75,"y":0.75},"o":{"x":0.25,"y":0.25}},{"t":60,"s":[100],"i":{"x":0,"y":0},"o":{"x":1,"y":1}}]},"o":{"a":0,"k":0},"s":{"a":1,"k":[{"t":0,"s":[0],"i":{"x":0.75,"y":0.75},"o":{"x":0.25,"y":0.25}},{"t":60,"s":[0],"i":{"x":0,"y":0},"o":{"x":1,"y":1}}]},"m":1},{"ty":"tr","nm":"Transform","a":{"a":0,"k":[0,0]},"o":{"a":0,"k":100},"p":{"a":0,"k":[-443.455,-318.896]},"r":{"a":0,"k":0},"s":{"a":0,"k":[100,100]},"sk":{"a":0,"k":0},"sa":{"a":0,"k":0}}],"np":0}]},{"ddd":0,"ind":6,"ty":4,"nm":"Screen","hd":false,"sr":1,"ks":{"a":{"a":0,"k":[320,320]},"o":{"a":0,"k":100},"p":{"a":0,"k":[320,320]},"r":{"a":0,"k":0},"s":{"a":0,"k":[100,100]},"sk":{"a":0,"k":0},"sa":{"a":0,"k":0}},"ao":0,"ip":0,"op":331,"st":0,"bm":0,"shapes":[{"ty":"gr","hd":false,"nm":"Screen Group","bm":0,"it":[{"ty":"rc","hd":false,"nm":"Screen","d":1,"p":{"a":0,"k":[320,320]},"r":{"a":0,"k":0},"s":{"a":0,"k":[640,640]}},{"ty":"fl","hd":false,"bm":0,"c":{"a":0,"k":[1,1,1]},"r":1,"o":{"a":1,"k":[{"t":0,"s":[100],"i":{"x":0.75,"y":0.75},"o":{"x":0.25,"y":0.25}},{"t":192.6,"s":[100],"i":{"x":0,"y":0},"o":{"x":1,"y":1}}]}},{"ty":"tr","nm":"Transform","a":{"a":0,"k":[0,0]},"o":{"a":0,"k":100},"p":{"a":0,"k":[0,0]},"r":{"a":0,"k":0},"s":{"a":0,"k":[100,100]},"sk":{"a":0,"k":0},"sa":{"a":0,"k":0}}],"np":0}]}],"meta":{"g":"@phase-software/lottie-exporter 0.7.0"},"nm":"","op":330,"v":"5.6.0","w":640}